,Chipset,AnTuTu Benchmark 9,3DMark Wild Life Performance,name,Geekbench 5 (Multi-Core),PCMark 3.0,Geekbench 5 (Single-Core),SoC
0,MediaTek Dimensity 1200 5G,691465,4546,Oppo Reno 6 Pro 5G,3117,8603,1007,
1,Qualcomm Snapdragon 870 5G,700278,4215,Oppo Reno 6 Pro Plus 5G,3419,10964,1015,
2,Qualcomm Snapdragon 778G,,,Oppo Reno 10 Pro 5G,2799,,797,
3,MediaTek Helio G35,114716,,Oppo A16,1010,,177,
4,MediaTek Dimensity 800U 5G,354918,1639,Oppo Reno 6 Z,1760,7192,593,
5,Qualcomm Snapdragon 720G,320750,1048,Oppo Reno 6,1740,,567,
6,Qualcomm Snapdragon 865,698954,3828,Oppo Find X2 Pro,3297,10904,917,
7,Qualcomm Snapdragon 865,416937,,Oppo Find X2,3323,,917,
8,MediaTek Helio P35,124345,,Oppo A31,1004,,176,
9,Qualcomm Snapdragon 865,719066,,Oppo Ace 2,3373,,916,
10,Qualcomm Snapdragon 765G,389003,1665,Oppo Find X2 Neo,1529,,577,
11,Qualcomm Snapdragon 765G,376035,,Oppo Find X2 Lite,1537,,579,
12,Qualcomm Snapdragon 665,206426,,Oppo A52,1387,,315,
13,MediaTek Helio P35,77529,,Oppo A12,1015,,181,
14,MediaTek Dimensity 920,505942,2125,Xiaomi Redmi Note 11 Pro Plus,2244,10696,737,
15,MediaTek Dimensity 810,396780,1234,Xiaomi Poco M4 Pro 5G,1798,9207,601,
16,Samsung Exynos 850,152286,425,Samsung Galaxy A21s,1116,5466,191,
17,Qualcomm Snapdragon 778G,525834,2458,Samsung Galaxy A73 5G,2760,12096,773,
18,MediaTek Dimensity 900,444254,2197,Samsung Galaxy M53,2044,10113,731,
19,Samsung Exynos 990,554754,4249,Samsung Galaxy Note 20 Ultra,2851,10873,956,
20,Qualcomm Snapdragon 865 Plus,696520,4180,Samsung Galaxy Z Fold 2,3359,12128,974,
21,Samsung Exynos 9611,213185,,Samsung Galaxy M21s,1220,,332,
22,Samsung Exynos 990,648210,3788,Samsung Galaxy S20 FE,3298,11167,910,
23,Samsung Exynos 850,148136,429,Samsung Galaxy M12,1045,5886,178,
24,Qualcomm Snapdragon 636,155789,258,Nokia 7.1,1234,6099,275,
25,Apple A12 Bionic,535561,5701,Apple iPhone XS,2851,,1119,
26,Apple A11 Bionic,357332,3136,Apple iPhone 8,2226,,938,
27,Qualcomm Snapdragon 888,848255,5646,Asus Zenfone 8,3617,15989,1122,
28,HiSilicon Kirin 990,522455,,Huawei Mate Xs,3006,,741,
29,Qualcomm Snapdragon 712,265315,654,Xiaomi Mi 9 SE,1491,7187,412,
30,Qualcomm Snapdragon 888 4G,821239,,Huawei P50 Pro,3147,,1112,
31,HiSilicon Kirin 710,172458,554,Huawei P30 Lite,1298,6353,318,
32,Qualcomm Snapdragon 888,826371,5631,Sony Xperia Pro-I,3564,,1133,
33,Apple A13 Bionic,576545,6879,Apple iPhone SE (2020),3476,,1353,
34,Qualcomm Snapdragon 855,475787,2100,Xiaomi Black Shark 2,2713,8625,746,
35,Apple A10 Fusion,312889,2634,Apple iPhone 7 Plus,1306,,734,
36,Qualcomm Snapdragon 845,408656,1425,Xiaomi Mi Mix 3,2315,8373,525,
37,Apple A14 Bionic,679767,7655,Apple iPhone 12 mini,4212,,1603,
38,Qualcomm Snapdragon 8 Gen 1,1023504,10025,ZTE nubia Red Magic 7,3875,13558,1255,
39,Qualcomm Snapdragon 8 Gen 1,941071,9862,Honor Magic 4 Pro,3546,13676,1129,
40,Qualcomm Snapdragon 888,777871,5297,Xiaomi Mi 11 Ultra,3500,12854,1132,
41,Qualcomm Snapdragon 710,245416,,Xiaomi Mi 8 SE,1533,,405,
42,Qualcomm Snapdragon 8 Plus Gen 1,1008345,,Huawei Mate X3,4296,,1323,
43,Qualcomm Snapdragon 845,415762,1427,Xiaomi Mi 8,2001,8442,511,
44,HiSilicon Kirin 980,434538,2479,Honor 20,2401,8596,686,
45,Qualcomm Snapdragon 855,506420,3086,Sony Xperia 5,2703,9837,710,
46,Apple A12 Bionic,537631,5705,Apple iPhone XS Max,2894,,1114,
47,HiSilicon Kirin 970,223882,1039,Huawei P20,1715,6703,393,
48,Qualcomm Snapdragon 888 5G,790674,5038,Xiaomi Mi 11,3522,12737,1089,
49,Qualcomm Snapdragon 855,513862,3098,Xiaomi Mi 9,2398,10587,620,
50,Qualcomm Snapdragon 845,404099,1450,OnePlus 6,2304,8263,511,
51,Qualcomm Snapdragon 888 5G,826317,5790,ZTE Nubia Red Magic 6R,3510,13167,1136,
52,Qualcomm Snapdragon 835,311167,1175,OnePlus 5T,1685,7505,393,
53,HiSilicon Kirin 710,196724,563,Huawei Mate 20 Lite,1317,7301,336,
54,Qualcomm SM8450 Snapdragon 8 Gen 1,966530,8232,Motorola Edge Plus (2022),3659,14908,1202,
55,Qualcomm Snapdragon 8 Gen 1,1040357,10029,ZTE nubia Red Magic 7 Pro,3870,13794,1259,
56,Apple A15 Bionic,716927,7921,Apple iPhone SE (2022),4674,,1746,
57,Qualcomm Snapdragon 865,622910,4521,Xiaomi Mi 10 Ultra,3378,10758,931,
58,Qualcomm Snapdragon 870 5G,685892,4294,Xiaomi Black Shark 4,3474,14843,1037,
59,Qualcomm Snapdragon 865 Plus,730891,4132,Asus Zenfone 7 Pro,3303,,980,
60,Qualcomm Snapdragon 665,202005,,Sony Xperia 10 II,1583,,325,
61,Kirin 9000 5G,765726,5522,Huawei Mate 40 Pro,3279,12485,925,
62,Qualcomm Snapdragon 8 Plus Gen 1,1056331,7655,Motorola Razr Plus,3649,,1278,
63,Qualcomm Snapdragon 778G,514870,2491,Huawei Nova 9,2984,9685,792,
64,Qualcomm Snapdragon 888 Plus,815354,5679,Vivo X70 Pro Plus,3502,12528,1112,
65,MediaTek Helio P60,205554,,Realme 1,1440,,294,
66,HiSilicon Kirin 970,334703,,Huawei P20 Pro,1405,,352,
67,Qualcomm Snapdragon 888 Plus,838084,,Motorola Edge 30 Fusion,3490,,1073,
68,MediaTek Helio G85,203205,715,Xiaomi Redmi Note 8 2021,1302,6913,353,
69,Qualcomm Snapdragon 835,300081,1282,LG V30,1684,6997,393,
70,Qualcomm Snapdragon 888 5G,811046,5663,ZTE Axon 30 Ultra,3613,13310,1134,
71,HiSilicon Kirin 710F,189283,,Honor 9X Premium,1350,,332,
72,Qualcomm Snapdragon 675,282405,,Vivo V15 Pro,1618,,505,
73,HiSilicon Kirin 710F,181594,559,Honor 9X,1380,6322,329,
74,Qualcomm Snapdragon 855,554526,2115,OnePlus 7 Pro,2714,10818,731,
75,Qualcomm Snapdragon 7 Gen 1,563399,,Motorola Razr,2874,,774,
76,Apple A11 Bionic,401267,3431,Apple iPhone 8 Plus,2516,,947,
77,Qualcomm Snapdragon 780G,546259,3126,Xiaomi Mi 11 Lite 5G,2246,10095,882,
78,HiSilicon Kirin 710,196107,564,Honor 8X,1341,7524,335,
79,Qualcomm Snapdragon 778G,538276,2471,Motorola Edge 20,2574,13012,765,
80,Qualcomm Snapdragon 665,197471,219,Xiaomi Redmi Note 8T,1380,6367,318,
81,Qualcomm Snapdragon 732G,349549,1116,Xiaomi Redmi Note 10 Pro,1795,8486,570,
82,Qualcomm Snapdragon 845,408315,1438,Xiaomi Pocophone F1,2289,8301,522,
83,Qualcomm Snapdragon 865,683781,,Realme X50 Pro,3267,,917,
84,Qualcomm Snapdragon 888,776297,5596,Xiaomi Mi 11i,3654,11890,1116,
85,Qualcomm Snapdragon 888,725625,,Vivo X60 Pro Plus,3756,,1148,
86,HiSilicon Kirin 980,486345,2480,Huawei Mate 20 Pro,2459,8544,694,
87,HiSilicon Kirin 990 5G,608529,,Huawei P40 Pro Plus,3190,,785,
88,Qualcomm Snapdragon 665,208081,262,Xiaomi Redmi Note 8,1331,6387,319,
89,Qualcomm Snapdragon 8 Gen 1,1004825,9396,Vivo X80 Pro,3538,10365,1189,
90,Qualcomm Snapdragon 888 5G,831817,,Realme GT 5G,3565,,1145,
91,HiSilicon Kirin 980,483630,2479,Huawei P30,2573,8405,710,
92,Qualcomm Snapdragon 888 5G,789124,5761,OnePlus 9,3633,12079,1133,
93,Qualcomm Snapdragon 710,245812,,Realme X,1559,,390,
94,Qualcomm Snapdragon 845,416299,1451,OnePlus 6T,2396,8334,520,
95,Qualcomm Snapdragon 765G,389357,,Vivo X50 Pro,1812,,605,
96,Qualcomm Snapdragon 865,690299,4912,ZTE nubia Red Magic 5G,3434,11881,949,
97,HiSilicon Kirin 990 5G,603251,,Honor 30 Pro Plus,3199,,784,
98,Qualcomm Snapdragon 710,251284,544,Realme 3 Pro,1526,9245,400,
99,HiSilicon Kirin 990 5G,580673,3286,Huawei P40 Pro,3180,,784,
100,Qualcomm Snapdragon 660,202168,373,Xiaomi Redmi Note 7,1454,6218,342,
101,Qualcomm Snapdragon 870 5G,724076,4211,Vivo X60 Pro,3493,11004,1044,
102,Qualcomm Snapdragon 8 Plus Gen 1,1036189,10571,Huawei P60 Pro,4295,,1331,
103,Qualcomm Snapdragon 695,404245,1205,Motorola Edge 30 Neo,2009,10139,688,
104,HiSilicon Kirin 980,488813,2481,Honor 20 Pro,2579,8665,708,
105,Qualcomm Snapdragon 888,797649,,Xiaomi 11T Pro,3848,,1149,
106,HiSilicon Kirin 710A,190698,561,Huawei P Smart 2021,1322,6663,299,
107,Qualcomm Snapdragon 8 Plus Gen 1,1036223,10285,Huawei Mate 50 Pro,3859,,1278,
108,Qualcomm Snapdragon 778G,518869,,Huawei Nova 10 Pro,2819,,788,
109,Qualcomm Snapdragon 8 Gen 1,952382,9563,Vivo iQOO 9 Pro,3714,11370,1231,
110,HiSilicon Kirin 810,372222,1421,Huawei P40 Lite,1847,8268,583,
111,Qualcomm Snapdragon 778G Plus,586952,,Nothing Phone (1),3006,,829,
112,MediaTek Dimensity 8100,812094,5622,Realme GT Neo 3,4109,14531,978,
113,MediaTek Helio G90T,335646,1302,Realme 6,1751,,553,
114,Qualcomm Snapdragon 870,731354,4227,Realme GT Explorer Master,3080,13381,1027,
115,Qualcomm Snapdragon 8 Plus Gen 1,1137185,,Nothing Phone (2),3986,,1243,
116,Qualcomm Snapdragon 695,405508,1211,Nokia X30,1923,8611,664,
117,Qualcomm Snapdragon 695,408567,,OnePlus Nord N30 5G,2047,,693,
118,Qualcomm Snapdragon 8 Gen 2,1304579,,Asus Zenfone 10,5147,,1490,
119,Apple A13 Bionic,633823,7532,Apple iPhone 11,3497,,1339,
120,Qualcomm Snapdragon 732G,349813,1108,Xiaomi Poco X3 NFC,1772,8850,570,
121,MediaTek Dimensity 1100 5G,678258,4299,Xiaomi Poco X3 GT,3209,9754,798,
122,MediaTek Helio G88,223174,,Xiaomi Redmi 10,1298,,363,
123,MediaTek Helio G95,351244,,Realme 7,1685,,537,
124,MediaTek Dimensity 1200,655885,4520,Xiaomi 11T,3419,10722,890,
125,Qualcomm Snapdragon 8 Gen 1,1047007,9406,Realme GT2 Pro,3507,13765,1246,
126,MediaTek Dimensity 1200,704847,4140,Vivo X70 Pro,2962,10098,881,
127,Apple A14 Bionic,735825,7880,Apple iPhone 12 Pro Max,4256,,1620,
128,Qualcomm Snapdragon 720G,354525,780,Realme 7 Pro,1817,,567,
129,MediaTek Dimensity 800U,396521,1590,Realme 7 5G,1809,11051,603,
130,MediaTek Helio G85,250847,,Xiaomi Redmi Note 9,1309,,373,
131,HiSilicon Kirin 710A,197938,,Huawei Y7a,1316,,302,
132,Qualcomm Snapdragon 8 Plus Gen 1,1102359,10256,Realme GT3,3952,,1275,
133,Qualcomm Snapdragon 855 Plus,585474,2364,Realme X3 SuperZoom,2583,,757,
134,Qualcomm Snapdragon 870,713722,4242,Realme GT Neo 3T,3193,,1027,
135,Qualcomm Snapdragon 888,821706,5742,Huawei Mate Xs 2,3513,,1133,
136,Qualcomm Snapdragon 660,208903,377,Xiaomi Mi A2,1173,6191,342,
137,Qualcomm Snapdragon 630,130446,227,Nokia 6.1,976,5190,177,
138,Qualcomm Snapdragon 845,403767,1421,Sony Xperia XZ3,1996,8503,503,
139,Qualcomm Snapdragon 855,537788,3087,Sony Xperia 1,2607,9760,748,
140,Qualcomm Snapdragon 835,332956,,Xiaomi Mi Mix 2,1698,,391,
141,HiSilicon Kirin 710,161611,511,Huawei P Smart (2019),1350,6297,329,
142,Qualcomm Snapdragon 636,168214,259,Nokia 6.2,1257,5634,277,
143,Qualcomm Snapdragon 835,268335,1130,Sony Xperia XZ1,1682,7498,393,
144,HiSilicon Kirin 970,291317,828,Honor 10,1522,6460,353,
145,Qualcomm Snapdragon 845,415201,1437,Xiaomi Mi Mix 2S,1812,8553,506,
146,Qualcomm Snapdragon 660,206294,377,Nokia 7.2,1460,5831,332,
147,Apple A10 Fusion,291221,2579,Apple iPhone 7,1302,,728,
148,Qualcomm Snapdragon 888,852118,5560,Sony Xperia 1 III,3543,14434,1133,
149,Qualcomm Snapdragon 845,346813,1419,LG G7 ThinQ,2094,8333,510,
150,Qualcomm Snapdragon 660,216387,372,Xiaomi Mi 8 Lite,1446,6301,340,
151,Qualcomm Snapdragon 821,152222,891,LG G6,668,5521,275,
152,Apple A11 Bionic,365265,3526,Apple iPhone X,2535,,939,
153,Qualcomm Snapdragon 865,639629,3813,Sony Xperia 1 II,3335,10596,902,
154,Qualcomm Snapdragon 8 Gen 1,850779,6287,Sony Xperia 1 IV,3434,11896,1170,
155,Qualcomm Snapdragon 855,528389,3090,ASUS Zenfone 6 ZS630KL,2716,10544,758,
156,MediaTek Dimensity 9000 Plus,1118582,9510,Asus ROG Phone 6D Ultimate,4607,18357,1387,
157,MediaTek Helio G96,312092,1091,Realme 8i,1900,9521,540,
158,Qualcomm Snapdragon 625,105554,187,Xiaomi Mi Max 2,1017,5088,173,
159,Qualcomm Snapdragon 8 Plus Gen 1,1117197,10394,Asus ROG Phone 6 Pro,3994,17361,1332,
160,Apple A16 Bionic,949676,9874,Apple iPhone 14 Pro,5366,,1873,
161,MediaTek Helio G95,366141,,Infinix Note 10 Pro,1404,,482,
162,Apple A15 Bionic,805699,8702,Apple iPhone 13,4645,,1738,
163,Qualcomm Snapdragon 870,729859,4244,Realme GT Neo 2,3213,,1023,
164,MediaTek Helio G99,377709,1243,Motorola Moto G72,1853,10542,546,
165,Qualcomm Snapdragon 865 Plus,731470,4170,Asus ROG Phone 3,3364,15290,997,
166,Qualcomm Snapdragon 8 Plus Gen 1,1127483,10441,Asus ROG Phone 6,4002,,1322,
167,Qualcomm Snapdragon 865,663325,3818,Xiaomi Poco F2 Pro,3364,10487,923,
168,MediaTek Dimensity 7050,522269,,Realme 11 Pro,2327,,839,
169,MediaTek Dimensity 810,377080,1234,Realme 8s 5G,1853,11543,620,
170,Qualcomm Snapdragon 480 Plus,317736,974,Motorola Moto G62 5G,1711,9156,544,
171,Apple A13 Bionic,638975,7461,Apple iPhone 11 Pro Max,3451,,1330,
172,MediaTek Dimensity 900,496414,2039,Infinix Zero 5G,2171,12318,706,
173,MediaTek Dimensity 8200,850185,6567,Vivo V27 Pro,3941,10789,1006,
174,Qualcomm Snapdragon 480 Plus,353678,982,Motorola Moto G53,1609,9818,561,
175,Qualcomm Snapdragon 888,820025,5849,Realme GT2,3507,,1138,
176,Apple A15 Bionic,802432,9490,Apple iPhone 13 Pro,4734,,1722,
177,Qualcomm Snapdragon 720G,348451,1050,Realme 8 Pro,1685,9054,570,
178,Qualcomm Snapdragon 695,410045,1209,Motorola Moto G82 5G,1988,10294,686,
179,Qualcomm Snapdragon 865,657972,3852,LG V60 ThinQ,3224,10673,917,
180,Qualcomm Snapdragon 8 Gen 2,1223076,12649,Honor Magic 5 Pro,4629,,1426,
181,Qualcomm Snapdragon 695,378741,,OnePlus Nord N20 5G,1981,,685,
182,MediaTek Dimensity 700,341168,1104,Xiaomi Poco M3 Pro,1746,8209,555,
183,Apple A15 Bionic,818603,9386,Apple iPhone 14,4765,,1744,
184,MediaTek Helio G99,381164,1363,Realme 10,1774,10312,567,
185,MediaTek Dimensity 7050,548549,2294,Realme 11 Pro Plus,2223,13238,842,
186,Qualcomm Snapdragon 750G,389283,1116,OnePlus Nord CE 5G,1830,8358,641,
187,Qualcomm Snapdragon 8 Gen 2,1281365,12772,Motorola Edge 40 Pro,4915,,1486,
188,Qualcomm Snapdragon 750G,388751,1093,Xiaomi Mi 10T Lite,2020,,667,
189,Qualcomm Snapdragon 730G,331994,983,Xiaomi Mi Note 10 Lite,1715,,544,
190,Qualcomm Snapdragon 450,103342,,Samsung Galaxy M02s,971,,185,
191,Samsung Exynos 9 Octa 9810,373675,2272,Samsung Galaxy S9,1831,6269,567,
192,Samsung Exynos 9 Octa 9810,407941,2328,Samsung Galaxy S9 Plus,2017,6144,527,
193,Mediatek MT6739W,49413,,Samsung Galaxy A02,402,,107,
194,Samsung Exynos 2100,773305,5714,Samsung Galaxy S21,3270,13558,1034,
195,Mediatek MT6739W,60179,,Samsung Galaxy M02,405,,106,
196,Samsung Exynos 9825,507067,2078,Samsung Galaxy M62 (F62),1964,7555,771,
197,Qualcomm Snapdragon 720G,335708,1038,Samsung Galaxy A72,1638,8885,538,
198,Mediatek Helio G80,221837,,Samsung Galaxy A32,1297,,353,
199,Qualcomm Snapdragon 450,95925,,Samsung Galaxy F02s,965,,189,
200,Samsung Exynos 850,141654,502,Samsung Galaxy F12,1021,6186,274,
201,Qualcomm Snapdragon 750 5G,385932,1112,Samsung Galaxy M42 5G,1935,8688,650,
202,Qualcomm Snapdragon 750G,384543,,Samsung Galaxy F52 5G,1992,,658,
203,MediaTek Dimensity 700 5G,284603,1106,Samsung Galaxy A22 5G,1725,7265,563,
204,Mediatek Helio G80,220639,674,Samsung Galaxy M32,1293,6352,356,
205,MediaTek Helio G80,167524,682,Samsung Galaxy F22,1317,6524,353,
206,Qualcomm Snapdragon 888 5G,698065,4597,Samsung Galaxy Z Flip 3 5G,3475,13746,988,
207,Samsung Exynos 850,143944,430,Samsung Galaxy A12 Nacho,1033,5466,173,
208,Qualcomm Snapdragon 888 5G,777886,5306,Samsung Galaxy Z Fold 3 5G,3253,13529,1100,
209,MediaTek Dimensity 720 5G,301457,1236,Samsung Galaxy M32 5G,1652,6804,499,
210,MediaTek Helio G80,236730,683,Samsung Galaxy M22,1240,6699,290,
211,MediaTek Dimensity 700 5G,281227,,Samsung Galaxy A22s 5G,1738,,558,
212,Qualcomm Snapdragon 778G,507244,2454,Samsung Galaxy M52 5G,2814,12099,757,
213,Unisoc T606,154614,407,Samsung Galaxy A03,1047,6720,306,
214,Unisoc SC9863A,95154,,Samsung Galaxy A03 Core,764,,302,
215,MediaTek Dimensity 700 5G,249339,1191,Samsung Galaxy A13 5G,1114,6998,469,
216,Qualcomm Snapdragon 888,762505,5703,Samsung Galaxy S21 FE 5G,3059,12184,1112,
217,Qualcomm Snapdragon 8 Gen 1,968663,8040,Samsung Galaxy S22 Ultra (Snapdragon),3288,13179,1211,
218,Samsung Exynos 2200,905440,6914,Samsung Galaxy S22 Plus,3480,12642,1153,
219,Samsung Exynos 2200,902468,6533,Samsung Galaxy S22,3628,12530,1184,
220,Qualcomm Snapdragon 8 Gen 1,915960,7443,Samsung Galaxy S22 (Snapdragon),3691,13172,1176,
221,Samsung Exynos 850,124983,508,Samsung Galaxy A13,590,4891,155,
222,Samsung Exynos 1280,411867,2233,Samsung Galaxy M33 5G,1843,10987,728,
223,Qualcomm Snapdragon 750G,396817,1095,Samsung Galaxy M23,1830,8786,645,
224,Qualcomm Snapdragon 680,267563,440,Samsung Galaxy A23,1641,7197,386,
225,Qualcomm Snapdragon 750G,331921,641,Samsung Galaxy F23,1821,8799,645,
226,Qualcomm Snapdragon 690 5G,353441,,Sony Xperia 10 III,1744,,593,
227,Unisoc T606,162319,400,Nokia G21,1195,7281,313,
228,Qualcomm Snapdragon 730G,306106,736,Xiaomi Mi Note 10,1741,,547,
229,Qualcomm Snapdragon 678,284103,481,Xiaomi Redmi Note 10,1603,7619,539,
230,Qualcomm Snapdragon 8 Plus Gen 1,1073077,10574,Motorola ThinkPhone,4303,,1283,
231,Qualcomm Snapdragon 720G,337789,1044,Xiaomi Redmi Note 9 Pro,1758,8089,570,
232,Qualcomm Snapdragon 695,402597,1204,Honor Magic 5 Lite,1927,10488,694,
233,Qualcomm Snapdragon 888 Plus,834939,,Asus ROG Phone 5s Pro,3553,,1128,
234,MediaTek Dimensity 700 5G,343178,1104,Xiaomi Redmi Note 10 5G,1795,8144,574,
235,Qualcomm Snapdragon 695,404152,,Realme 10 Pro,2033,,701,
236,Qualcomm Snapdragon 450,101189,,Samsung Galaxy A02s,497,,131,
237,Qualcomm Snapdragon 8 Gen 2,1331953,13385,ZTE Nubia Red Magic 8 Pro,5259,,1493,
238,Qualcomm Snapdragon 720G,339314,1041,Xiaomi Redmi Note 9S,1774,8006,575,
239,MediaTek Dimensity 720 5G,236007,1228,Samsung Galaxy A32 5G,1689,6876,506,
240,Qualcomm Snapdragon 662,201595,384,Motorola Moto G30,1271,6632,309,
241,Qualcomm Snapdragon 750 5G,381114,,Samsung Galaxy A42,1929,,644,
242,MediaTek Dimensity 1080,511076,2280,Realme 10 Pro Plus,2384,13866,843,
243,MediaTek Helio P35,120726,,Samsung Galaxy A03s,890,,181,
244,Qualcomm Snapdragon 8 Gen 2,,,ZTE Nubia Red Magic 8S Pro,5142,,1572,
245,MediaTek Dimensity 800U,310294,,Xiaomi Redmi Note 9T,1783,,598,
246,Mediatek Dimensity 7200,617771,4168,Vivo V27,2405,,894,
247,MediaTek Helio G80,222999,682,Samsung Galaxy A22,1373,6707,379,
248,Qualcomm SM8475 Snapdragon 8 Plus Gen 1,1032596,10294,Realme GT2 Explorer Master,4053,15269,1348,
249,Qualcomm Snapdragon 695,408074,1203,Honor X9a,1997,10323,692,
250,Qualcomm Snapdragon 695,400178,1211,Realme 9 Pro,2023,9715,700,
251,Qualcomm Snapdragon 750G,386730,,Motorola Moto G 5G,1996,,664,
252,Qualcomm Snapdragon 8 Gen 2,1290759,13223,Vivo iQOO 11,4807,,1492,
253,Qualcomm Snapdragon 460,162771,247,Motorola Moto G10,1138,5675,249,
254,Qualcomm Snapdragon 865,659860,3799,Xiaomi Mi 10T Pro,3339,10309,925,
255,Qualcomm Snapdragon 855 Plus,502634,2402,Asus ROG Phone 2 ZS660KL,2714,,741,
256,MediaTek Helio P35,113225,,Samsung Galaxy A12,1044,,170,
257,MediaTek Dimensity 810,412592,1337,OnePlus Nord N300,1795,8612,597,
258,Apple A15 Bionic,836114,9416,Apple iPhone 14 Plus,4598,,1715,
259,Qualcomm Snapdragon 730G,319180,997,Motorola Moto G9 Plus,1701,8043,525,
260,Qualcomm Snapdragon 662,204956,,Motorola Moto G9 Power,1384,,318,
261,Qualcomm Snapdragon 680,287659,446,Realme 9,1610,8020,383,
262,Qualcomm Snapdragon 480,284844,983,Motorola Moto G50,1642,8375,506,
263,Qualcomm Snapdragon 662,201640,372,Xiaomi Poco M3,1401,6174,313,
264,Qualcomm Snapdragon 8 Gen 2,1308091,13314,Asus ROG Phone 7,5196,,1480,
265,Apple A15 Bionic,806929,9449,Apple iPhone 13 Pro Max,4741,,1757,
266,Mediatek Helio G80,234712,666,Realme 6i,1334,9031,395,
267,Qualcomm Snapdragon 8 Gen 2,1348003,13366,Asus ROG Phone 7 Ultimate,5066,,1526,
268,Qualcomm Snapdragon 665,200160,,Realme 5s,1383,,321,
269,Qualcomm Snapdragon 665,188205,,Realme 5,1271,,311,
270,Apple A16 Bionic,917187,9851,Apple iPhone 14 Pro Max,5448,,1902,
271,Samsung Exynos 9 Octa 9810,377393,2333,Samsung Galaxy Note 9,2204,6198,555,
272,Qualcomm Snapdragon 660,185041,372,Samsung Galaxy A6s,1434,6266,332,
273,Qualcomm Snapdragon 710,216041,,Samsung Galaxy A8s,1497,,395,
274,Samsung Exynos 9 Octa 9820,510710,3230,Samsung Galaxy S10,2063,8732,703,
275,Samsung Exynos 9 Octa 9820,503708,3230,Samsung Galaxy S10 Plus,2513,8652,706,
276,Samsung Exynos 9 Octa 9820,502313,3176,Samsung Galaxy S10e,1929,8541,757,
277,Samsung Exynos 7 Octa 9610,205359,746,Samsung Galaxy A50,1230,5826,340,
278,Samsung Exynos 7 Octa 7884,118057,,Samsung Galaxy A10,857,,241,
279,Samsung Exynos 7 Octa 7884,169978,324,Samsung Galaxy A20,862,,241,
280,Samsung Exynos 7 Octa 7904,140562,404,Samsung Galaxy A40,965,,266,
281,Qualcomm Snapdragon 730,331861,740,Samsung Galaxy A80,1669,,560,
282,Samsung Exynos 7 Octa 7884,169927,323,Samsung Galaxy A20e,865,,237,
283,Qualcomm Snapdragon 675,253116,,Samsung Galaxy A60,928,,459,
284,Qualcomm Snapdragon 675,235460,,Samsung Galaxy M40,1010,,491,
285,Samsung Exynos 9 Octa 9825,556980,3345,Samsung Galaxy Note 10,2580,8587,710,
286,MediaTek Helio P22,89448,,Samsung Galaxy A10s,491,,138,
287,Samsung Exynos 7 Octa 7884,109756,,Samsung Galaxy A10e,848,,233,
288,Samsung Exynos 9 Octa 9825,551800,3377,Samsung Galaxy Note 10 Plus,2583,9113,716,
289,Samsung Exynos 9 Octa 9611,232953,811,Samsung Galaxy A50s,1298,,353,
290,Qualcomm Snapdragon 855,556220,3083,Samsung Galaxy A90,2700,9644,747,
291,Qualcomm Snapdragon 439,108682,,Samsung Galaxy A01,820,,177,
292,Samsung Exynos 9 Octa 9611,214948,812,Samsung Galaxy A51,1298,,353,
293,Qualcomm Snapdragon 450,100696,,Samsung Galaxy A20s,907,,148,
294,Samsung Exynos 7 Octa 9611,207248,814,Samsung Galaxy M30s,1216,,329,
295,Samsung Exynos 7 Octa 7884B,115152,,Samsung Galaxy M10s,851,,234,
296,Samsung Exynos 850,132408,511,Samsung Galaxy M13,1047,4925,181,
297,Qualcomm Snapdragon 732G,355859,1110,Xiaomi Mi 11 Lite,1806,8250,563,
298,Samsung Exynos 990,605539,4319,Samsung Galaxy S20 Ultra,2906,11082,913,
299,Samsung Exynos 9 Octa 990,636918,4298,Samsung Galaxy S20 Plus,2892,11018,917,
300,Samsung Exynos 7 Octa 7904,143903,407,Samsung Galaxy A30s,969,,263,
301,Samsung Exynos 9 Octa 990,587296,4221,Samsung Galaxy S20,2774,10920,938,
302,Qualcomm Snapdragon 778G,521274,,Samsung Galaxy Xcover 6 Pro,2824,,774,
303,Qualcomm Snapdragon 695,361837,1197,Samsung Galaxy A23 5G,1953,10022,678,
304,Qualcomm Snapdragon 8 Plus Gen 1,1029135,9651,Samsung Galaxy Z Fold 4,4029,13993,1341,
305,Qualcomm Snapdragon 8 Plus Gen 1,941926,8664,Samsung Galaxy Z Flip 4,3930,13718,1273,
306,MediaTek Helio P35,124903,,Samsung Galaxy A04e,686,,176,
307,MediaTek Helio P35,129540,,Samsung Galaxy M04,949,,165,
308,MediaTek Dimensity 700,349593,1194,Samsung Galaxy A14 5G,1738,8074,533,
309,Samsung Exynos 850,151022,508,Samsung Galaxy A04s,1109,5680,184,
310,MediaTek Helio P35,123726,,Samsung Galaxy A04,624,,136,
311,Snapdragon 8 Gen 2 Mobile Platform for Galaxy,1186618,12140,Samsung Galaxy S23 Plus,5101,15525,1564,
312,MediaTek Helio G80,148520,715,Samsung Galaxy A14,1306,6201,353,
313,Snapdragon 8 Gen 2 Mobile Platform for Galaxy,1256367,12154,Samsung Galaxy S23 Ultra,4962,16004,1548,
314,Samsung Exynos 1330,403669,1383,Samsung Galaxy M14,2513,11467,757,
315,Snapdragon 8 Gen 2 Mobile Platform for Galaxy,1143705,12033,Samsung Galaxy S23,4742,15500,1526,
316,Samsung Exynos 1380,517295,2819,Samsung Galaxy A54 5G,2706,12735,773,
317,Samsung Exynos 9 Octa 9611,204377,,Samsung Galaxy Xcover Pro,1319,,353,
318,Qualcomm Snapdragon 855,542831,3072,Samsung Galaxy S10 Lite,2421,9880,724,
319,Samsung Exynos 1380,512498,2772,Samsung Galaxy M54,2709,12676,755,
320,Samsung Exynos 1280,407087,,Samsung Galaxy M34 5G,1882,,747,
321,MediaTek Dimensity 1080,478552,2302,Samsung Galaxy A34 5G,2326,11607,784,
322,MediaTek Helio G99,361091,1236,Samsung Galaxy A24 4G,1812,9204,566,
323,Qualcomm Snapdragon 8 Gen 2,1203995,,Samsung Galaxy Z Flip 5,5005,,1421,
324,Qualcomm Snapdragon 730G,336240,738,Samsung Galaxy M51,1661,,544,
325,Qualcomm Snapdragon 662,195469,373,Xiaomi Redmi 9T,1413,6179,309,
326,Qualcomm Snapdragon 8 Gen 2,,,Samsung Galaxy Z Fold 5,4734,,1476,
327,Samsung Exynos 7 Octa 9611,237119,820,Samsung Galaxy M31,1248,,328,
328,Qualcomm Snapdragon 855 Plus,527997,2121,Samsung Galaxy Z Flip,2718,,784,
329,Qualcomm Snapdragon 695,388367,,Sony Xperia 10 IV,1924,,662,
330,Qualcomm Snapdragon 695,390232,1211,Sony Xperia 10 V,1934,7745,671,
331,Mediatek Helio P65,177630,577,Samsung Galaxy A41,1222,,313,
332,Samsung Exynos 7 Octa 9611,214587,816,Samsung Galaxy M21,1350,,350,
333,Qualcomm Snapdragon 450,94278,,Samsung Galaxy A11,1013,,275,
334,Mediatek Helio P65,192505,572,Samsung Galaxy A31,1262,5967,350,
335,Samsung Exynos 980,278483,,Samsung Galaxy A71 5G,1835,,710,
336,Qualcomm Snapdragon 450,92211,,Samsung Galaxy M11,843,,150,
337,Apple A14 Bionic,731589,7431,Apple iPhone 12 Pro,4096,,1614,
338,Qualcomm Snapdragon 712,265521,,Realme XT,1496,,407,
339,Qualcomm Snapdragon 888 Plus,856522,9736,Vivo iQOO 9,3522,11564,1143,
340,Qualcomm Snapdragon 870 5G,707768,4305,Xiaomi Poco F3,3497,11362,1007,
341,Qualcomm Snapdragon 8 Gen 1,964225,9541,OnePlus 10 Pro,3451,11778,976,
342,Apple A13 Bionic,635573,7455,Apple iPhone 11 Pro,3196,,1332,
343,Samsung Exynos 980,377462,,Samsung Galaxy A51 5G,1893,,704,
344,HiSilicon Kirin 990 5G,530374,3276,Huawei P40,3153,,784,
345,Qualcomm Snapdragon 888,796043,5311,Sony Xperia 5 III,3554,,1128,
346,Qualcomm Snapdragon 855 Plus,542656,2364,Realme X2 Pro,2450,,664,
347,Qualcomm Snapdragon 730,347115,,Xiaomi Redmi K20,1652,,540,
348,Qualcomm Snapdragon 712,283135,652,Realme 5 Pro,1463,9561,340,
349,Qualcomm Snapdragon 712,250949,,Realme Q,1541,,412,
350,Samsung Exynos 2100,735317,5538,Samsung Galaxy S21 Plus,3490,,1091,
351,Qualcomm Snapdragon 855,534825,3086,OnePlus 7,2684,9713,724,
352,Qualcomm Snapdragon 855,512684,3022,Xiaomi Mi 9T Pro,2643,9518,645,
353,MediaTek Helio G90T,327398,1321,Xiaomi Redmi Note 8 Pro,1544,8010,490,
354,Qualcomm Snapdragon 778 5G,553363,2492,Realme GT Master Edition,2819,12639,799,
355,MediaTek Helio G95,370931,1504,Infinix Zero X Pro,1680,9709,511,
356,Qualcomm Snapdragon 855,521489,,Samsung Galaxy Fold,2709,,757,
357,Qualcomm Snapdragon 8 Gen 2,1136307,,Sony Xperia 1 V,4688,,1472,
358,Samsung Exynos 7 Octa 7904,120614,,Samsung Galaxy M20,1015,,275,
359,MediaTek Dimensity 9000,968533,7623,Tecno Phantom X2 Pro,4022,,1256,
360,Qualcomm Snapdragon 8 Gen 1,840128,6741,Sony Xperia 5 IV,3474,11887,1236,
361,Qualcomm Snapdragon 888 Plus 5G,879008,,ZTE Nubia Red Magic 6s Pro,3682,,1168,
362,Qualcomm Snapdragon 439,109021,,Samsung Galaxy M01,836,,181,
363,MediaTek Helio P22,,,Samsung Galaxy M01s,833,,143,
364,Samsung Exynos 7 Octa 9611,231501,776,Samsung Galaxy M31s,1269,,347,
365,Samsung Exynos 990,650543,4317,Samsung Galaxy Note 20,2813,10643,938,
366,HiSilicon Kirin 980,493317,2484,Honor View 20,2465,8546,688,
367,Samsung Exynos 8 Octa 8890,182292,,Samsung Galaxy Note 7 FE,1238,,373,
368,Samsung Exynos 9 Octa 8895,294746,,Samsung Galaxy S8,1460,,341,
369,Qualcomm Snapdragon 778G,525515,2473,Xiaomi 11 Lite 5G NE,2834,9860,789,
370,Qualcomm Snapdragon 720G,345000,,Xiaomi Redmi Note 10 Lite,1823,,582,
371,MediaTek Helio G35,125601,,Xiaomi Poco C31,933,,165,
372,MediaTek Helio G96,338150,1106,Tecno Camon 18 Premier,1763,9161,517,
373,Qualcomm Snapdragon 750G,397587,1104,Samsung Galaxy A52 5G,1830,10022,636,
374,Qualcomm Snapdragon 865,656136,3856,OnePlus 8T,3176,11783,901,
375,MediaTek Dimensity 9000,988429,7638,Tecno Phantom X2,4064,,1234,
376,HiSilicon Kirin 990,579699,3284,Huawei Mate 30 Pro,3101,,784,
377,Qualcomm Snapdragon 865,648279,4564,Xiaomi Mi 10 Pro,3335,11463,890,
378,Qualcomm Snapdragon 865,669912,3839,OnePlus 8 Pro,3388,11797,917,
379,Qualcomm Snapdragon 765G,379900,1640,OnePlus Nord,1963,,608,
380,Samsung Exynos 2100,749064,5221,Samsung Galaxy S21 Ultra,3552,,1116,
381,HiSilicon Kirin 980,444429,2472,Huawei Mate 20,2250,8443,657,
382,Qualcomm Snapdragon 888 5G,829737,,Asus Zenfone 8 Flip,3686,,1135,
383,Qualcomm Snapdragon 865,658712,3842,OnePlus 8,3381,11213,912,
384,Qualcomm Snapdragon 865,650957,4402,Xiaomi Mi 10,3263,11501,893,
385,Qualcomm Snapdragon 8 Gen 1,943515,9060,Samsung Galaxy S22 Plus (Snapdragon),3553,13215,1173,
386,Qualcomm Snapdragon 888,816993,5707,OnePlus 9 Pro,3652,11522,1135,
387,Qualcomm Snapdragon 870 5G,680696,4199,Motorola Moto G100,2891,11799,955,
388,Qualcomm Snapdragon 888,841773,4345,Vivo iQOO 9 SE,3455,,1100,
389,Qualcomm Snapdragon 865,640684,3835,Sony Xperia 5 II,3332,12483,893,
390,HiSilicon Kirin 810,373176,,Honor 9X Pro,1929,,598,
391,Qualcomm Snapdragon 855 Plus,536002,2401,OnePlus 7T,2840,,754,
392,MediaTek Dimensity 1300,685623,4610,OnePlus Nord 2T,2836,9759,826,
393,Qualcomm Snapdragon 778G,511602,2462,Samsung Galaxy A52s 5G,2827,12014,778,
394,Qualcomm Snapdragon 675,268158,405,Samsung Galaxy A70,1526,7651,482,
395,Qualcomm Snapdragon 888 Plus,830352,5573,Motorola Moto G200,3329,,1098,
396,MediaTek Dimensity 8050,654630,4537,Tecno Camon 20 Premier,3092,13417,862,
397,Samsung Exynos 1280,424976,2256,Samsung Galaxy A33 5G,1907,10859,737,
398,Samsung Exynos 9 Octa 9810,417934,,Samsung Galaxy Note 10 Lite,2049,,683,
399,Qualcomm Snapdragon 665,197676,378,Xiaomi Mi A3,1116,6481,302,
400,Qualcomm Snapdragon 720G,340493,1039,Samsung Galaxy A52,1590,8787,525,
401,Qualcomm Snapdragon 888 5G,825900,5716,ZTE nubia Red Magic 6,3619,12510,1135,
402,MediaTek Dimensity 1200,619299,4462,Vivo V23 Pro,3027,7975,856,
403,Qualcomm Snapdragon 860,570668,3456,Xiaomi Poco X3 Pro,2584,10667,741,
404,Qualcomm Snapdragon 865 5G,658570,3875,Samsung Galaxy S20 FE 5G,3277,11936,909,
405,Qualcomm Snapdragon 730,301271,740,Samsung Galaxy A71,1728,7708,544,
406,MediaTek Dimensity 1200 5G,666728,4197,OnePlus Nord 2 5G,2799,8834,819,
407,MediaTek Dimensity 810 5G,394168,1303,Xiaomi Redmi Note 11T 5G,1733,9304,603,
408,Qualcomm Snapdragon 8 Gen 1,1010119,9302,Xiaomi 12 Pro,3925,13009,1255,
409,Qualcomm Snapdragon 8 Gen 1,973883,8755,Xiaomi 12,3843,12958,1243,
410,Qualcomm Snapdragon 870,686782,4256,Xiaomi 12X,3180,,943,
411,Qualcomm Snapdragon 680,275085,441,Xiaomi Redmi Note 11,1677,6970,379,
412,MediaTek Helio G96,345397,1171,Xiaomi Redmi Note 11S,1885,8196,530,
413,MediaTek Helio G88,221094,711,Xiaomi Redmi 10 2022,1306,8286,366,
414,MediaTek Helio G96,344353,1162,Xiaomi Poco M4 Pro,1853,8116,523,
415,Qualcomm Snapdragon 8 Gen 1,950866,9098,Xiaomi Redmi K50 Gaming,3649,13268,1245,
416,MediaTek Dimensity 920,436123,2096,Xiaomi 11i,2065,9922,651,
417,MediaTek Helio G96,324355,1135,Xiaomi Redmi Note 11 Pro (Global),1746,7937,511,
418,Qualcomm Snapdragon 695,387721,1201,Xiaomi Poco X4 Pro 5G,2079,9329,692,
419,MediaTek Dimensity 700,305448,1176,Xiaomi Redmi Note 11E,1757,7965,563,
420,MediaTek Dimensity 9000,991260,8031,Xiaomi Redmi K50 Pro,4652,13360,1309,
421,Qualcomm Snapdragon 870,718095,4312,Xiaomi Redmi K40S,3497,11498,1033,
422,Qualcomm Snapdragon 695,344285,1203,Xiaomi Redmi Note 11E Pro,2071,8366,693,
423,MediaTek Dimensity 8100,772977,5767,Xiaomi Redmi K50,3788,12725,928,
424,Qualcomm Snapdragon 680,246080,441,Xiaomi Redmi 10C,1608,6690,378,
425,MediaTek Dimensity 810,358675,1267,Xiaomi Redmi Note 11S 5G,1830,8952,590,
426,MediaTek Helio G25,100022,,Xiaomi Redmi 10A,472,,131,
427,MediaTek Dimensity 700,349316,1172,Xiaomi Redmi 10 5G,1746,7907,572,
428,Qualcomm Snapdragon 870,707597,4363,Xiaomi Black Shark 5,3407,,1047,
429,Qualcomm Snapdragon 8 Gen 1,1026601,9782,Xiaomi Black Shark 5 Pro,3696,13484,1178,
430,Qualcomm Snapdragon 8 Gen 1,966916,9332,Xiaomi Poco F4 GT,3637,13036,1298,
431,MediaTek Dimensity 8100,722125,5813,Xiaomi Redmi Note 11T Pro,3756,12078,999,
432,MediaTek Dimensity 8100,760338,5819,Xiaomi Redmi Note 11T Pro Plus,3794,11233,995,
433,MediaTek Dimensity 700,251927,1105,Xiaomi Redmi Note 11SE,1682,8227,534,
434,Qualcomm Snapdragon 870,685011,4334,Xiaomi Poco F4,3208,,976,
435,MediaTek Dimensity 8100,825177,5845,Xiaomi Poco X4 GT,3756,12671,919,
436,Qualcomm Snapdragon 8 Plus Gen 1,1108056,9883,Xiaomi 12S Ultra,4412,13439,1328,
437,Qualcomm Snapdragon 8 Plus Gen 1,1106649,10147,Xiaomi 12S Pro,4201,13726,1339,
438,Qualcomm Snapdragon 8 Plus Gen 1,1019380,10278,Xiaomi 12S,4194,13746,1334,
439,MediaTek Dimensity 9000 Plus,1050206,8269,Xiaomi 12 Pro (Dimensity),4354,12558,1361,
440,JLQ JR510,132841,,Xiaomi Poco C40,754,,155,
441,Qualcomm Snapdragon 778G,527494,,Xiaomi 12 Lite,2968,,792,
442,MediaTek Dimensity 8100,804461,5816,Xiaomi Redmi K50i,3794,11786,924,
443,Qualcomm Snapdragon 8 Plus Gen 1,1036309,,Xiaomi Redmi K50 Ultra,4239,,1254,
444,MediaTek Dimensity 700,383844,1182,Xiaomi Poco M4 5G,1735,8237,555,
445,MediaTek Helio G99,365463,1230,Xiaomi Poco M5,1903,9019,551,
446,Mediatek Helio G95,321853,1482,Xiaomi Poco M5s,1843,8001,519,
447,MediaTek Helio A22,90900,,Xiaomi Redmi A1,556,,163,
448,Qualcomm Snapdragon 7 Gen 1,566060,3028,Xiaomi Civi 2,2915,,710,
449,MediaTek Dimensity 8100 Ultra,847198,5860,Xiaomi 12T,3769,11922,931,
450,MediaTek Dimensity 1080,509939,2260,Xiaomi Redmi Note 12 Pro Plus 5G,2217,11804,769,
451,MediaTek Dimensity 1080,483969,2256,Xiaomi Redmi Note 12 Pro 5G,2241,11628,764,
452,MediaTek Dimensity 1080,494702,2264,Xiaomi Redmi Note 12 Explorer Edition,2029,11301,777,
453,Qualcomm Snapdragon 8 Gen 2,1300748,12648,Xiaomi 13,5142,,1503,
454,Qualcomm Snapdragon 720G,349423,775,Realme 6 Pro,1648,,540,
455,Qualcomm Snapdragon 8 Plus Gen 1,1067298,,Asus Zenfone 9,4364,,1326,
456,MediaTek Dimensity 1200,690290,4251,Realme X7 Max,2623,14314,973,
457,MediaTek Dimensity 9200,1213562,12397,Vivo X90 Pro,5136,,1486,
458,Qualcomm Snapdragon 730,320693,875,Xiaomi Mi 9T,1645,7969,544,
459,Qualcomm Snapdragon 870,730005,4159,Vivo iQOO Neo 6,3086,,987,
460,Apple A15 Bionic,782575,8884,Apple iPhone 13 mini,4721,,1751,
461,Qualcomm Snapdragon 888,820238,5728,Asus ROG Phone 5,3777,16455,1129,
462,MediaTek Dimensity 920,476332,2296,Vivo V23 5G,2153,7984,741,
463,MediaTek Dimensity 700 5G,357315,1103,Realme 8 5G,1789,10954,570,
464,Qualcomm Snapdragon 8 Plus Gen 1,1094156,,Xiaomi 12T Pro,4086,,1259,
465,Qualcomm Snapdragon 855 Plus,547542,2383,OnePlus 7T Pro,2915,11277,725,
466,Apple A14 Bionic,727930,7603,Apple iPhone 12,4068,,1624,
467,MediaTek Helio G99,389206,1252,Infinix Note 30,1804,10848,553,
468,MediaTek Helio G88,256807,742,Realme C55,1457,8614,376,
469,HiSilicon Kirin 980,486293,2490,Huawei P30 Pro,2331,8482,678,
470,Qualcomm Snapdragon 778G Plus,558204,2635,Honor 70,2814,11633,938,
471,Qualcomm Snapdragon 4 Gen 1,366446,1039,Xiaomi Redmi Note 12 5G,1957,7970,644,
472,MediaTek Helio G80,216855,664,Xiaomi Redmi 9,1316,8396,359,
473,Qualcomm Snapdragon 8 Plus Gen 1,1106969,5727,Motorola Edge 30 Ultra,4271,15213,1284,
474,Qualcomm Snapdragon 8 Gen 2,1307034,12677,OnePlus 11,4854,,1475,
475,MediaTek Helio P70,189118,648,Realme 3,1497,8291,307,
476,Apple A12 Bionic,507576,5208,Apple iPhone XR,2217,,1128,
477,MediaTek Dimensity 920,505748,2293,Realme 9 Pro Plus,2339,12172,826,
478,Samsung Exynos 2200,951669,6872,Samsung Galaxy S22 Ultra,3670,12930,1184,
479,Qualcomm Snapdragon 8 Plus Gen 1,1051091,10410,OnePlus 10T 5G,3919,,1322,
480,MediaTek Dimensity 900,483131,2169,Vivo V25,2063,8557,706,
481,Qualcomm Snapdragon 8 Plus Gen 1,1142148,10742,ZTE Nubia Red Magic 7S Pro,3875,13003,1269,
482,Qualcomm Snapdragon 675,246394,,Vivo V17 Pro,1642,,491,
483,Qualcomm Snapdragon 720G,345603,,Vivo V20,1698,,558,
484,MediaTek Dimensity 8020,519650,4464,Motorola Edge 40,3335,15765,800,
485,HiSilicon Kirin 710A,201606,,Honor 10X Lite,1324,,302,
486,Qualcomm Snapdragon 675,181114,,Samsung Galaxy A70s,942,,482,
487,MediaTek Helio G88,257259,,Tecno Spark 10 Pro,1365,,359,
488,MediaTek Dimensity 800U 5G,402280,1611,Vivo V21,1609,7226,579,
489,Qualcomm Snapdragon 855 Plus,564279,,Vivo NEX 3,2691,,747,
490,Qualcomm Snapdragon 870,701097,4215,Motorola Edge 20 Pro,3146,14975,972,
491,Qualcomm Snapdragon 730G,336031,,Xiaomi Redmi K30,1703,,553,
492,Qualcomm Snapdragon 730G,345241,,Realme X2,1755,,551,
493,Qualcomm Snapdragon 695,405132,1199,Xiaomi Redmi Note 11 Pro 5G,2079,9399,694,
494,MediaTek Helio G96,340755,1096,Infinix Note 11 Pro,1809,9339,522,
495,Qualcomm Snapdragon 778G,430864,2444,Xiaomi Redmi Note 12 Pro Speed Edition,2906,11132,784,
496,Qualcomm Snapdragon 8 Plus Gen 1,1056122,9164,Xiaomi Redmi K60,4047,,1248,
497,Qualcomm Snapdragon 8 Gen 2,1160707,12336,Xiaomi Redmi K60 Pro,5083,14681,1471,
498,MediaTek Dimensity 8200,786922,5758,Xiaomi Redmi K60E,3136,13438,971,
499,MediaTek Helio G85,220060,725,Xiaomi Redmi 12C,1275,8504,360,
500,Mediatek Helio A22,79402,,Xiaomi Poco C50,510,,142,
501,Qualcomm Snapdragon 778G,538639,2439,Xiaomi Poco X5 Pro,2954,11922,784,
502,Qualcomm Snapdragon 695,412486,1204,Xiaomi Poco X5,2107,9149,696,
503,Qualcomm Snapdragon 732G,462849,1117,Xiaomi Redmi Note 12 Pro,1791,8862,563,
504,Qualcomm Snapdragon 7 Gen 1,580568,3093,Xiaomi 13 Lite,2937,,799,
505,Qualcomm Snapdragon 685,320575,641,Xiaomi Redmi Note 12,1798,7750,441,
506,MediaTek Helio G96,361140,1154,Xiaomi Redmi Note 12S,1795,8316,603,
507,MediaTek Helio G36,103146,,Xiaomi Redmi A2,694,,181,
508,Qualcomm Snapdragon 8 Gen 2,1314927,11951,Xiaomi 13 Ultra,5098,,1486,
509,Qualcomm Snapdragon 8 Plus Gen 1,1058031,8154,Xiaomi Poco F5 Pro,4002,,1286,
510,MediaTek Dimensity 8200 Ultra,844379,5854,Xiaomi Redmi Note 12T Pro,4041,13451,996,
511,MediaTek Helio G88,,744,Xiaomi Redmi 12,1273,8945,376,
512,Qualcomm Snapdragon 4 Gen 2,,,Xiaomi Redmi Note 12R,2500,,874,
513,Qualcomm Snapdragon 8 Gen2,,,Xiaomi Mix Fold 3,4842,,1544,
514,Qualcomm Snapdragon 765G,380426,1673,Xiaomi Mi 10 Lite,1963,,623,
515,Qualcomm Snapdragon 8 Gen 1,999846,9428,ZTE Axon 40 Ultra,3313,9845,1220,
516,Samsung Exynos 1280,426784,2287,Samsung Galaxy A53 5G,1903,11558,741,
517,Qualcomm Snapdragon 8 Gen 2,1255295,12412,Xiaomi 13 Pro,5099,,1496,
518,MediaTek Helio G95,364693,,Tecno Phantom X,1651,,511,
519,Qualcomm Snapdragon 778G 5G,503917,2487,Honor 50,2971,11954,789,
520,MediaTek Dimensity 1300,713643,4386,Vivo V25 Pro,2528,8864,865,
521,Qualcomm Snapdragon 710,264060,550,Xiaomi Mi 9 Lite,1420,7112,386,
522,MediaTek Helio G96,341452,1173,Tecno Camon 19 Pro,1745,9227,514,
523,Qualcomm Snapdragon 690 5G,330875,811,OnePlus Nord N10,1868,,608,
524,Qualcomm Snapdragon 7 Plus Gen 2,943997,7627,Xiaomi Redmi Note 12 Turbo,3952,,1225,
525,Qualcomm Snapdragon 7 Plus Gen 2,962942,7530,Xiaomi Poco F5,3952,,1225,
526,MediaTek Helio P70,192922,,Oppo F11,1442,,306,
527,MediaTek Helio P70,214056,721,Oppo F11 Pro,1431,6681,310,
528,Qualcomm Snapdragon 710,200443,,Oppo Reno,1538,,393,
529,MediaTek Helio P35,94215,,Oppo A5s,999,,183,
530,Qualcomm Snapdragon 855,485873,3082,Oppo Reno 10x zoom,2513,9754,720,
531,MediaTek Helio P70,210082,,Oppo A9,1470,,307,
532,Qualcomm Snapdragon 710,271015,,Oppo K3,1609,,400,
533,Mediatek Helio P90,234977,,Oppo Reno Z,1583,,420,
534,Qualcomm Snapdragon 730,299866,,Oppo Reno 2,1659,,540,
535,Qualcomm Snapdragon 665,177286,214,Oppo A5 (2020),1417,6342,315,
536,Qualcomm Snapdragon 665,199975,,Oppo A9 (2020),1424,,315,
537,Qualcomm Snapdragon 855 Plus,545232,,Oppo Reno Ace,2759,,644,
538,MediaTek Helio P70,226624,722,Oppo A91,1445,6572,306,
539,Qualcomm Snapdragon 730G,312822,,Oppo K5,1789,,545,
540,MediaTek Helio P35,,,Oppo A8,978,,171,
541,Qualcomm Snapdragon 765G,387416,1665,Oppo Reno 3 Pro,1868,,608,
542,MediaTek Helio P90,239358,,Oppo Reno 3,1541,,412,
543,Qualcomm Snapdragon 845,340755,1663,Google Pixel 3 XL,1685,8919,394,
544,Qualcomm Snapdragon 845,285940,1647,Google Pixel 3,1990,8884,511,
545,Qualcomm Snapdragon 670,216725,665,Google Pixel 3a,1401,7296,358,
546,Qualcomm Snapdragon 855,517465,3045,Google Pixel 4,2469,10690,629,
547,Qualcomm Snapdragon 855,502084,3012,Google Pixel 4 XL,2519,10770,634,
548,Qualcomm Snapdragon 730G,320659,1003,Google Pixel 4a,1652,,558,
549,Qualcomm Snapdragon 765G,373149,1104,Google Pixel 4a 5G,1785,,590,
550,Qualcomm Snapdragon 765G,391364,1084,Google Pixel 5,1821,,606,
551,Qualcomm Snapdragon 765G,385111,1666,Google Pixel 5a 5G,1974,8990,650,
552,Google Tensor,778915,6208,Google Pixel 6 Pro,2842,11427,1045,
553,Google Tensor,724552,6379,Google Pixel 6,2922,10615,1033,
554,Google Tensor G2,751487,6523,Google Pixel 7,3320,10669,1058,
555,Google Tensor,670061,6194,Google Pixel 6a,2898,9859,1050,
556,Google Tensor G2,791462,6383,Google Pixel 7 Pro,3213,11543,1062,
557,Google Tensor G2,744049,6343,Google Pixel 7a,3209,10762,1058,
558,Google Tensor G2,768161,,Google Pixel Fold,3338,,1103,
559,Qualcomm Snapdragon 665,200192,,Oppo A72,1367,,318,
560,Qualcomm Snapdragon 720G,312749,,Oppo Reno 4,1804,,572,
561,Qualcomm Snapdragon 765G,376182,1048,Oppo Reno 4 Pro 5G,1812,8092,606,
562,Qualcomm Snapdragon 765G,366544,,Oppo Reno 4 5G,1802,,618,
563,MediaTek Helio P90,180133,,Oppo Reno 2 Z,1543,,412,
564,Qualcomm Snapdragon 460,165382,240,Oppo A53,1256,5827,252,
565,Mediatek Helio P95,245085,,Oppo F17 Pro,1502,,407,
566,Qualcomm Snapdragon 662,202035,,Oppo F17,1417,,315,
567,Mediatek Helio P95,258674,,Oppo Reno 4 Lite,1502,,400,
568,Mediatek Helio P95,246297,,Oppo A93,1502,,401,
569,Qualcomm Snapdragon 662,199887,368,Oppo A73,1407,6137,318,
570,MediaTek Helio P35,131292,,Oppo A15,974,,173,
571,MediaTek Dimensity 1000 Plus,573092,,Oppo Reno 5 Pro 5G,2759,,784,
572,Qualcomm Snapdragon 765G,399192,1686,Oppo Reno 5 5G,1825,9063,608,
573,MediaTek Helio P35,131292,,Oppo A15s,1010,,177,
574,Qualcomm Snapdragon 865,642985,3839,Oppo Reno 5 Pro Plus 5G,3055,12162,890,
575,Qualcomm Snapdragon 720G,338267,,Oppo Reno 5 4G,1791,,570,
576,MediaTek Dimensity 700,289201,1111,Oppo A55,1712,6586,527,
577,MediaTek Dimensity 800U 5G,405626,1724,Oppo F19 Pro Plus 5G,1923,7836,608,
578,Mediatek Helio P95,205973,,Oppo F19 Pro,1502,,408,
579,Qualcomm Snapdragon 765G,378602,1686,Oppo Find X3 Lite,1806,9063,605,
580,Qualcomm Snapdragon 870 5G,709889,4203,Oppo Find X3,3114,11235,893,
581,Qualcomm Snapdragon 888 5G,848429,5723,Oppo Find X3 Pro,3323,11046,927,
582,Qualcomm Snapdragon 865,726148,5041,Oppo Find X3 Neo,3155,11608,923,
583,Mediatek Helio P95,278324,,Oppo Reno 5 Lite,1504,,402,
584,Mediatek Helio P35,106014,,Oppo A54,995,,176,
585,Qualcomm Snapdragon 662,217324,379,Oppo F19,1387,6111,313,
586,Qualcomm Snapdragon 662,199501,,Oppo A74,1404,,309,
587,MediaTek Helio P35,124946,,Oppo A35,1017,,181,
588,Qualcomm Snapdragon 480 5G,316422,976,Oppo A74 5G,1642,7148,476,
589,MediaTek Dimensity 800U 5G,377207,,Oppo A95 5G,1869,,624,
590,MediaTek Dimensity 800U 5G,362218,1674,Oppo A94 5G,1936,7560,624,
591,MediaTek Dimensity 700 5G,312334,1193,Oppo A53s 5G,1715,7605,533,
592,MediaTek Dimensity 900 5G,425310,2171,Oppo Reno 6 5G,2142,8547,727,
593,MediaTek Helio G35,118804,,Oppo A55 4G,686,,177,
594,MediaTek Dimensity 1200-MAX,547063,4558,Oppo Reno 7 Pro 5G,2716,8988,820,
595,Qualcomm Snapdragon 888,839214,5890,Oppo Find N,3503,,986,
596,MediaTek Dimensity 900 5G,443181,2044,Oppo Reno 7 5G,2153,8367,734,
597,Qualcomm Snapdragon 680,268731,447,Oppo A76,1680,6813,386,
598,Qualcomm Snapdragon 8 Gen 1,1010685,9495,Oppo Find X5 Pro,3450,11788,1009,
599,Qualcomm Snapdragon 888,732302,5824,Oppo Find X5,3682,,1134,
600,MediaTek Dimensity 900,441726,,Oppo Find X5 Lite,2279,,743,
601,Qualcomm Snapdragon 695,383997,1214,Oppo Reno 7 Z 5G,2005,7747,704,
602,Qualcomm Snapdragon 680,279166,447,Oppo A96,1591,6885,386,
603,Qualcomm Snapdragon 680,284158,446,Oppo Reno 7,1666,7027,383,
604,Qualcomm Snapdragon 680,285085,,Oppo F21 Pro,1574,,383,
605,MediaTek Dimensity 1300,585510,4595,Oppo Reno 8,2700,9507,942,
606,MediaTek Dimensity 8100 Max,832770,5698,Oppo Reno 8 Pro Plus,3800,11427,930,
607,MediaTek Helio G35,115572,,Oppo A57,682,,181,
608,Qualcomm Snapdragon 695,,,Oppo Reno 8 Lite,2029,,700,
609,MediaTek Helio G35,117044,,Oppo A17,999,,183,
610,Qualcomm Snapdragon 695,404024,1208,Oppo A1 Pro,2077,10267,694,
611,MediaTek Dimensity 8100-Max,713215,5801,Oppo Reno 8 Pro,3811,10931,997,
612,Qualcomm Snapdragon 778G,515757,,Oppo Reno 9,2859,,792,
613,MediaTek Dimensity 8100 Max,816663,,Oppo Reno 9 Pro,3832,,925,
614,Qualcomm Snapdragon 8 Plus Gen 1,1105696,10471,Oppo Reno 9 Pro Plus,3825,,1107,
615,MediaTek Dimensity 700,344345,1201,Oppo A78,1791,7661,580,
616,MediaTek Dimensity 9000 Plus,992446,7689,Oppo Find N2 Flip,3274,,939,
617,Qualcomm Snapdragon 695,420072,1208,Oppo Reno 8T 5G,2019,9712,689,
618,Qualcomm Snapdragon 8 Plus Gen 1,964149,,Oppo Find N2,3689,,1060,
619,MediaTek Helio G99,348515,1366,Oppo Reno 8T,1830,9136,563,
620,Qualcomm Snapdragon 8 Gen 2,1323779,13083,Oppo Find X6 Pro,4909,,1497,
621,Qualcomm Snapdragon 695,401905,1215,Oppo A98,2048,8127,894,
622,MediaTek Dimensity 7050,563048,,Oppo Reno 10 5G,2231,,713,
623,Qualcomm Snapdragon 8 Plus Gen 1,,,Oppo Reno 10 Pro Plus 5G,3691,,1078,
